{"cameraMode":{"drawMode":0,"name":"Shaded","section":"Shading Mode"},"sceneLighting":false,"audioPlay":false,"sceneViewState":{"m_AlwaysRefresh":false,"showFog":true,"showSkybox":true,"showFlares":true,"showImageEffects":true,"showParticleSystems":true,"showVisualEffectGraphs":true,"m_FxEnabled":true},"in2DMode":false,"pivot":{"x":-0.7030649185180664,"y":0.7326440811157227,"z":-1.640385627746582},"rotation":{"x":-0.0006720271776430309,"y":-0.9947812557220459,"z":0.10182106494903565,"w":-0.006567260716110468},"size":0.5167807936668396,"orthographic":false}